"SC","名称","市場","業種","日付","株価","前日比","前日比(％)","前日終値","始値","高値","安値","出来高","売買代金(千円)","時価総額(百万円)","値幅下限","値幅上限"
"1305","iFreeETF_TOPIX（年1回決算型）","東証","ETF","20250522","2915.5","-10","-0.34","2925.5","2911.5","2925.5","2905","54800","159761","-","2425.5","3426"
"1306","NEXT_FUNDS_TOPIX連動型上場投信","東証","ETF","20250522","2882.5","-19","-0.65","2901.5","2880.5","2894","2872","776450","2238988","-","2401.5","3402"
"1308","上場インデックスファンドTOPIX","東証","ETF","20250522","2848","-20","-0.7","2868","2848","2860","2840","120125","342330","-","2368","3368"
"1309","NEXT_FUNDS_ChinaAMC・中国株式・上証50連動型上場投信","東証","ETF","20250522","43020","-280","-0.65","43300","43110","43250","42920","42","1807","-","36300","50300"
"1311","NEXT_FUNDS_TOPIX_Core_30連動型上場投信","東証","ETF","20250522","1453","-8.5","-0.58","1461.5","1455","1455","1443.5","4680","6776","-","1161.5","1761.5"
"1319","NEXT_FUNDS_日経300株価指数連動型上場投信","東証","ETF","20250522","535.1","0","0","535.1","535.1","535.1","535.1","1000","535","-","435.1","635.1"
"1320","iFreeETF_日経225（年1回決算型）","東証","ETF","20250522","38600","-350","-0.9","38950","38520","38730","38450","135169","5218772","-","31950","45950"
"1321","NEXT_FUNDS_日経225連動型上場投信","東証","ETF","20250522","38750","-340","-0.87","39090","38690","38870","38580","236056","9141929","-","32090","46090"
"1322","上場インデックスファンド中国A株（パンダ）E_Fund_CSI300","東証","ETF","20250522","8307","-10","-0.12","8317","8320","8320","8170","90","743","-","6817","9817"
"1325","NEXT_FUNDS_ブラジル株式指数・ボベスパ連動型上場投信","東証","ETF","20250522","210.3","-2","-0.94","212.3","211.2","213","209","23400","4908","-","132.3","292.3"
"1326","SPDRゴールド・シェア受益証券","東証","ETF","20250522","44000","70","0.16","43930","44000","44170","43890","12254","539751","-","36930","50930"
"1328","NEXT_FUNDS_金価格連動型上場投信","東証","ETF","20250522","11470","15","0.13","11455","11485","11510","11435","26860","308335","-","8455","14455"
"1329","iシェアーズ・コア_日経225_ETF","東証","ETF","20250522","3846","-36","-0.93","3882","3840","3863","3835","180284","693769","-","3182","4582"
"1330","上場インデックスファンド225","東証","ETF","20250522","38730","-380","-0.97","39110","38690","38890","38620","18355","710987","-","32110","46110"
"133A","グローバルX_超短期米国債_ETF","東証","ETF","20250522","965","-12","-1.23","977","969","969","964","7962","7689","-","817","1117"
"1343","NEXT_FUNDS_東証REIT指数連動型上場投信","東証","ETF","20250522","1841.5","5","0.27","1836.5","1835","1841.5","1830","360500","661577","-","1436.5","2236.5"
"1345","上場インデックスファンドJリート（東証REIT指数）隔月分配型","東証","ETF","20250522","1735.5","-1","-0.06","1736.5","1735","1736.5","1725.5","32200","55742","-","1336.5","2136.5"
"1346","MAXIS_日経225上場投信","東証","ETF","20250522","38480","-330","-0.85","38810","38410","38600","38320","69586","2679276","-","31810","45810"
"1348","MAXIS_トピックス上場投信","東証","ETF","20250522","2845","-14","-0.49","2859","2839.5","2853","2835","33290","94662","-","2359","3359"
"1349","ABF汎アジア債券インデックス・ファンド（アジア国債・公債ETF）","東証","ETF","20250522","16435","150","0.92","16285","16435","16435","16435","4","66","-","12285","20285"
"1356","TOPIXベア2倍上場投信","東証","ETF","20250522","287.6","3.6","1.27","284","287.7","289.4","285.2","1653160","475030","-","204","364"
"1357","NEXT_FUNDS_日経平均ダブルインバース・インデックス連動型上場投信","東証","ETF","20250522","11840","215","1.85","11625","11880","11925","11760","1166005","13811994","-","8625","14625"
"1358","上場インデックスファンド日経レバレッジ指数","東証","ETF","20250522","44600","-910","-2","45510","44420","44980","44370","12731","567992","-","38510","52510"
"1360","日経平均ベア2倍上場投信","東証","ETF","20250522","290.8","5.1","1.79","285.7","291.9","292.9","288.8","38539810","11209895","-","205.7","365.7"
"1364","iシェアーズ_JPX日経400_ETF","東証","ETF","20250522","2547","-12","-0.47","2559","2540","2547","2533","508","1291","-","2059","3059"
"1365","iFreeETF_日経平均レバレッジ・インデックス","東証","ETF","20250522","36310","-740","-2","37050","36140","36610","36130","41478","1507908","-","30050","44050"
"1366","iFreeETF_日経平均ダブルインバース・インデックス","東証","ETF","20250522","297","5","1.71","292","299","300","295","2206208","657459","-","212","372"
"1367","iFreeETF_TOPIXレバレッジ（2倍）指数","東証","ETF","20250522","34970","-450","-1.27","35420","34930","35250","34810","8615","301440","-","28420","42420"
"1368","iFreeETF_TOPIXダブルインバース（-2倍）指数","東証","ETF","20250522","419","7","1.7","412","419","420","414","53697","22418","-","332","492"
"1369","One_ETF_日経225","東証","ETF","20250522","37220","-510","-1.35","37730","37350","37500","37220","35669","1332413","-","30730","44730"
"1397","SMDAM_日経225上場投信","東証","ETF","20250522","37380","-350","-0.93","37730","37240","37450","37240","5733","213935","-","30730","44730"
"1398","SMDAM_東証REIT指数上場投信","東証","ETF","20250522","1759.5","-2.5","-0.14","1762","1764","1764","1755","151060","265450","-","1362","2162"
"1399","上場インデックスファンドMSCI日本株高配当低ボラティリティ","東証","ETF","20250522","2188","-7","-0.32","2195","2245","2245","2184","116","254","-","1695","2695"
"140A","iFreeETF_米国10年国債先物インバース","東証","ETF","20250522","2014","8","0.4","2006","2014","2014","2014","5008","10086","-","1506","2506"
"1456","iFreeETF_日経平均インバース・インデックス","東証","ETF","20250522","2498","24","0.97","2474","2503","2507","2490","18570","46444","-","1974","2974"
"1457","iFreeETF_TOPIXインバース（-1倍）指数","東証","ETF","20250522","2840","16","0.57","2824","2845","2849","2834","3417","9723","-","2324","3324"
"1458","楽天ETF-日経レバレッジ指数連動型","東証","ETF","20250522","27955","-505","-1.77","28460","27800","28155","27785","210033","5868832","-","23460","33460"
"1459","楽天ETF-日経ダブルインバース指数連動型","東証","ETF","20250522","476","8","1.71","468","479","480","473","10176808","4850293","-","388","548"
"1466","iFreeETF_JPX日経400ダブルインバース・インデックス","東証","ETF","20250522","532","8","1.53","524","528","534","527","1449","766","-","424","624"
"1469","JPX日経400ベア2倍上場投信（ダブルインバース）","東証","ETF","20250522","514.1","2.5","0.49","511.6","516","517.7","514","17230","8900","-","411.6","611.6"
"1472","NEXT_FUNDS_JPX日経400ダブルインバース・インデックス連動型上場投信","東証","ETF","20250522","210","3","1.45","207","210","211","208","11527","2418","-","127","287"
"1473","One_ETF_トピックス","東証","ETF","20250522","2789.5","-11.5","-0.41","2801","2793.5","2795","2783.5","800","2232","-","2301","3301"
"1474","One_ETF_JPX日経400","東証","ETF","20250522","25150","-135","-0.53","25285","25150","25150","25150","10","252","-","20285","30290"
"1475","iシェアーズ・コア_TOPIX_ETF","東証","ETF","20250522","281.1","-1.1","-0.39","282.2","280.5","281.8","279.8","549340","154193","-","202.2","362.2"
"1476","iシェアーズ・コア_Jリート_ETF","東証","ETF","20250522","1765","-1","-0.06","1766","1762","1766","1757","49189","86631","-","1366","2166"
"1477","iシェアーズ_MSCI_日本株最小分散_ETF","東証","ETF","20250522","2594","-13","-0.5","2607","2586","2600","2585","4709","12225","-","2107","3107"
"1478","iシェアーズ_MSCI_ジャパン高配当利回り_ETF","東証","ETF","20250522","3787","-24","-0.63","3811","3800","3800","3772","100090","379417","-","3111","4511"
"1479","iFreeETF_MSCI日本株人材設備投資指数","東証","ETF","20250522","-","0","0","35350","-","-","-","-","-","-","28350","42350"
"1480","NEXT_FUNDS_野村企業価値分配指数連動型上場投信","東証","ETF","20250522","26800","-650","-2.37","27450","26800","26800","26800","1","27","-","21950","31950"
"1481","上場インデックスファンド日本経済貢献株","東証","ETF","20250522","2852","-32","-1.11","2884","2852","2852","2852","2","6","-","2384","3384"
"1482","iシェアーズ・コア_米国債7-10年ETF（為替ヘッジあり）","東証","ETF","20250522","1618","-8","-0.49","1626","1615","1618","1614","116054","187647","-","1226","2026"
"1483","iシェアーズ_JPX/S&P_設備・人材投資ETF","東証","ETF","20250522","-","0","0","2869","-","-","-","-","-","-","2369","3369"
"1484","One_ETF_JPX/S&P_設備・人材投資指数","東証","ETF","20250522","2814","-14.5","-0.51","2828.5","2828.5","2828.5","2814","110","310","-","2328.5","3329"
"1485","MAXIS_JAPAN_設備・人材積極投資企業200上場投信","東証","ETF","20250522","-","0","0","37620","-","-","-","-","-","-","30620","44620"
"1486","上場インデックスファンド米国債券（為替ヘッジなし）","東証","ETF","20250522","22000","-130","-0.59","22130","22035","22035","21950","826","18166","-","17130","27130"
"1487","上場インデックスファンド米国債券（為替ヘッジあり）","東証","ETF","20250522","12540","-60","-0.48","12600","12530","12560","12530","837","10505","-","9600","15600"
"1488","iFreeETF_東証REIT指数","東証","ETF","20250522","1775","-4","-0.22","1779","1770","1775","1765","213075","377151","-","1379","2179"
"1489","NEXT_FUNDS_日経平均高配当株50指数連動型上場投信","東証","ETF","20250522","2231","-10","-0.45","2241","2228","2233","2217","295735","658292","-","1741","2741"
"1490","上場インデックスファンドMSCI日本株高配当低ボラティリティ（βヘッジ）","東証","ETF","20250522","-","0","0","7306","-","-","-","-","-","-","5806","8806"
"1493","One_ETF_JPX日経中小型","東証","ETF","20250522","19370","25","0.13","19345","19330","19420","19330","85","1646","-","15345","23345"
"1494","One_ETF_高配当日本株","東証","ETF","20250522","31090","190","0.61","30900","30950","31100","30900","254","7878","-","23900","37900"
"1495","上場インデックスファンドアジアリート","東証","ETF","20250522","9919","-3","-0.03","9922","9922","9922","9850","155","1533","-","8422","11425"
"1496","iシェアーズ_米ドル建て投資適格社債_ETF（為替ヘッジあり）","東証","ETF","20250522","1703","-14","-0.82","1717","1701","1704","1698","9802","16676","-","1317","2117"
"1497","iシェアーズ_米ドル建てハイイールド社債_ETF（為替ヘッジあり）","東証","ETF","20250522","1800","-10","-0.55","1810","1807","1807","1800","10300","18558","-","1410","2210"
"1498","One_ETF_ESG","東証","ETF","20250522","21600","-150","-0.69","21750","21600","21600","21600","10","216","-","16750","26750"
"1499","MAXIS日本株高配当70マーケットニュートラル上場投信","東証","ETF","20250522","9235","56","0.61","9179","9199","9236","9199","201","1849","-","7679","10680"
"1540","純金上場信託（現物国内保管型）","東証","ETF","20250522","14440","40","0.28","14400","14435","14495","14400","375694","5429718","-","11400","17400"
"1541","純プラチナ上場信託（現物国内保管型）","東証","ETF","20250522","4400","84","1.95","4316","4386","4420","4374","54523","240007","-","3616","5016"
"1542","純銀上場信託（現物国内保管型）","東証","ETF","20250522","14295","205","1.45","14090","14200","14305","14175","19455","277063","-","11090","17090"
"1543","純パラジウム上場信託（現物国内保管型）","東証","ETF","20250522","42620","780","1.86","41840","42540","42850","42440","1069","45603","-","34840","48840"
"1545","NEXT_FUNDS_NASDAQ-100（為替ヘッジなし）連動型上場投信","東証","ETF","20250522","30580","-290","-0.94","30870","30660","30720","30570","32589","998355","-","23870","37870"
"1546","NEXT_FUNDS_ダウ・ジョーンズ工業株30種平均株価（為替ヘッジなし）連動型上場投信","東証","ETF","20250522","58690","-1060","-1.77","59750","58870","58920","58650","1420","83459","-","49750","69750"
"1547","上場インデックスファンド米国株式（S&P500）","東証","ETF","20250522","9098","-125","-1.36","9223","9130","9137","9098","18245","166386","-","7723","10725"
"1550","MAXIS_海外株式（MSCIコクサイ）上場投信","東証","ETF","20250522","5738","-52","-0.9","5790","5747","5764","5715","6130","35169","-","4790","6790"
"1551","東証スタンダードTOP20ETF","東証","ETF","20250522","5513","18","0.33","5495","5400","5513","5390","590","3186","-","4495","6495"
"1554","上場インデックスファンド世界株式（MSCI_ACWI）除く日本","東証","ETF","20250522","4705","-59","-1.24","4764","4723","4723","4700","1551","7318","-","4064","5464"
"1555","上場インデックスファンド豪州リート（S&P/ASX200_A-REIT）","東証","ETF","20250522","2133","-31","-1.43","2164","2177","2177","2132","891","1908","-","1664","2664"
"1557","SPDR_S&P500_ETF","東証","ETF","20250522","83600","-1150","-1.36","84750","83800","83930","83530","3747","313790","-","69750","99750"
"1559","NEXT_FUNDS_タイ株式SET50指数連動型上場投信","東証","ETF","20250522","3223","-30","-0.92","3253","3223","3224","3223","58","187","-","2553","3953"
"1560","NEXT_FUNDS_FTSEブルサ・マレーシアKLCI連動型上場投信","東証","ETF","20250522","5098","-36","-0.7","5134","5086","5098","5086","72","367","-","4134","6134"
"1563","東証グロース・コアETF","東証","ETF","20250522","2268","-19","-0.83","2287","2276","2294","2267","16617","37890","-","1787","2787"
"1566","上場インデックスファンド新興国債券","東証","ETF","20250522","48040","-270","-0.56","48310","48150","48280","48000","281","13510","-","41310","55310"
"1568","TOPIXブル2倍上場投信","東証","ETF","20250522","453.9","-5.6","-1.22","459.5","452.8","457","450.2","2674430","1215778","-","379.5","539.5"
"1569","TOPIXベア上場投信","東証","ETF","20250522","1190","6","0.51","1184","1191.5","1193.5","1186","98010","116691","-","884","1484"
"1570","NEXT_FUNDS日経平均レバレッジ・インデックス連動型上場投信","東証","ETF","20250522","23600","-430","-1.79","24030","23535","23775","23425","2923910","69001406","-","19030","29030"
"1571","NEXT_FUNDS日経平均インバース・インデックス連動型上場投信","東証","ETF","20250522","587","6","1.03","581","587","588","584","2142573","1255955","-","481","681"
"1572","中国H株ブル2倍上場投信","東証","ETF","20250522","6714","-86","-1.26","6800","6724","6801","6688","3380","22742","-","5800","7800"
"1573","中国H株ベア上場投信","東証","ETF","20250522","7724","-25","-0.32","7749","7756","7769","7700","430","3327","-","6249","9249"
"1577","NEXT_FUNDS_日本株高配当70連動型上場投信（高配当70）","東証","ETF","20250522","37540","-180","-0.48","37720","37520","37590","37380","1453","54443","-","30720","44720"
"1578","上場インデックスファンド日経225（ミニ）","東証","ETF","20250522","2974","-24","-0.8","2998","2965","2979","2960","2538","7529","-","2498","3498"
"1579","日経平均ブル2倍上場投信","東証","ETF","20250522","253.7","-4.9","-1.89","258.6","253.3","255.8","252","17598280","4469856","-","178.6","338.6"
"1580","日経平均ベア上場投信","東証","ETF","20250522","1557","12","0.78","1545","1561","1563.5","1552","201680","314332","-","1145","1945"
"1585","iFreeETF_TOPIX_Ex-Financials","東証","ETF","20250522","-","0","0","1869.5","-","-","-","-","-","-","1469.5","2269.5"
"1586","上場インデックスファンドTOPIX_Ex-Financials","東証","ETF","20250522","2160","-14","-0.64","2174","2170","2170","2159","36","78","-","1674","2674"
"1591","NEXT_FUNDS_JPX日経インデックス400連動型上場投信","東証","ETF","20250522","24680","-150","-0.6","24830","24755","24765","24615","1265","31234","-","19830","29830"
"1592","上場インデックスファンドJPX日経インデックス400","東証","ETF","20250522","2281","-19","-0.83","2300","2285","2300","2264","850","1940","-","1800","2800"
"1593","MAXIS_JPX日経インデックス400上場投信","東証","ETF","20250522","25530","-245","-0.95","25775","25570","25610","25500","425","10869","-","20775","30780"
"1595","NZAM_上場投信_東証REIT指数","東証","ETF","20250522","1747.5","3","0.17","1744.5","1746","1749.5","1741","8660","15111","-","1344.5","2144.5"
"1596","NZAM_上場投信_TOPIX_Ex-Financials","東証","ETF","20250522","-","0","0","2186","-","-","-","-","-","-","1686","2686"
"1597","MAXIS_Jリート上場投信","東証","ETF","20250522","1766","1","0.06","1765","1761.5","1766","1755.5","43280","76127","-","1365","2165"
"1599","iFreeETF_JPX日経400","東証","ETF","20250522","25265","-270","-1.06","25535","25335","25335","25260","79","1998","-","20535","30540"
"159A","NEXT_FUNDS_JPXプライム150指数連動型上場投信","東証","ETF","20250522","511.7","-4.7","-0.91","516.4","511.2","513.5","511.2","1970","1009","-","416.4","616.4"
"1615","NEXT_FUNDS_東証銀行業株価指数連動型上場投信","東証","ETF","20250522","399.9","-2.5","-0.62","402.4","401","402.6","397.8","2072400","829828","-","322.4","482.4"
"1617","NEXT_FUNDS_食品（TOPIX-17）上場投信","東証","ETF","20250522","38030","-280","-0.73","38310","37910","38240","37910","21","800","-","31310","45310"
"1618","NEXT_FUNDS_エネルギー資源（TOPIX-17）上場投信","東証","ETF","20250522","19200","-165","-0.85","19365","19255","19255","18925","136","2601","-","15365","23365"
"1619","NEXT_FUNDS_建設・資材（TOPIX-17）上場投信","東証","ETF","20250522","32130","-280","-0.86","32410","32140","32150","32020","53","1702","-","25410","39410"
"1620","NEXT_FUNDS_素材・化学（TOPIX-17）上場投信","東証","ETF","20250522","27315","-195","-0.71","27510","27370","27450","27210","66","1802","-","22510","32510"
"1621","NEXT_FUNDS_医薬品（TOPIX-17）上場投信","東証","ETF","20250522","25510","10","0.04","25500","25410","25980","25410","34038","880625","-","20500","30500"
"1622","NEXT_FUNDS_自動車・輸送機（TOPIX-17）上場投信","東証","ETF","20250522","30010","-380","-1.25","30390","30040","30160","29940","202","6066","-","23390","37390"
"1623","NEXT_FUNDS_鉄鋼・非鉄（TOPIX-17）上場投信","東証","ETF","20250522","26080","-150","-0.57","26230","25900","26080","25900","32","830","-","21230","31230"
"1624","NEXT_FUNDS_機械（TOPIX-17）上場投信","東証","ETF","20250522","59560","-360","-0.6","59920","58920","59560","58920","26","1537","-","49920","69920"
"1625","NEXT_FUNDS_電機・精密（TOPIX-17）上場投信","東証","ETF","20250522","36960","-380","-1.02","37340","37050","37100","36870","562","20799","-","30340","44340"
"1626","NEXT_FUNDS_情報通信・サービスその他（TOPIX-17）上場投信","東証","ETF","20250522","38090","-20","-0.05","38110","38000","38260","38000","25","953","-","31110","45110"
"1627","NEXT_FUNDS_電力・ガス（TOPIX-17）上場投信","東証","ETF","20250522","8205","-60","-0.73","8265","8225","8228","8164","651","5349","-","6765","9765"
"1628","NEXT_FUNDS_運輸・物流（TOPIX-17）上場投信","東証","ETF","20250522","19025","-180","-0.94","19205","19205","19205","19020","78","1487","-","15205","23205"
"1629","NEXT_FUNDS_商社・卸売（TOPIX-17）上場投信","東証","ETF","20250522","85600","-1180","-1.36","86780","86090","86590","85490","632","54219","-","71780","101800"
"162A","AIセレクトメガトレンド_日本株（ネットリターン）ETN","東証","ETN","20250522","-","0","0","9873","-","-","-","-","-","-","8373","11375"
"1630","NEXT_FUNDS_小売（TOPIX-17）上場投信","東証","ETF","20250522","33020","-140","-0.42","33160","32950","33210","32950","139","4601","-","26160","40160"
"1631","NEXT_FUNDS_銀行（TOPIX-17）上場投信","東証","ETF","20250522","21265","-10","-0.05","21275","21160","21360","21100","1814","38539","-","16275","26275"
"1632","NEXT_FUNDS_金融（除く銀行）（TOPIX-17）上場投信","東証","ETF","20250522","28085","-10","-0.04","28095","27800","28130","27800","439","12297","-","23095","33100"
"1633","NEXT_FUNDS_不動産（TOPIX-17）上場投信","東証","ETF","20250522","40800","-340","-0.83","41140","40590","41140","40590","76","3099","-","34140","48140"
"163A","半導体フォーカス_日本株（ネットリターン）ETN","東証","ETN","20250522","7680","-77","-0.99","7757","7600","7719","7600","1615","12360","-","6257","9257"
"1651","iFreeETF_TOPIX高配当40指数","東証","ETF","20250522","2056","-12","-0.58","2068","2060","2064","2050","17286","35559","-","1568","2568"
"1652","iFreeETF_MSCI日本株女性活躍指数（WIN）","東証","ETF","20250522","-","0","0","3255","-","-","-","-","-","-","2555","3955"
"1653","iFreeETF_MSCIジャパンESGセレクト・リーダーズ指数","東証","ETF","20250522","-","0","0","3536","-","-","-","-","-","-","2836","4236"
"1654","iFreeETF_FTSE_Blossom_Japan_Index","東証","ETF","20250522","-","0","0","2228.5","-","-","-","-","-","-","1728.5","2728.5"
"1655","iシェアーズ_S&P500_米国株_ETF","東証","ETF","20250522","604.5","-8","-1.31","612.5","605.9","606.9","604.1","2353550","1424448","-","512.5","712.5"
"1656","iシェアーズ・コア_米国債7-10年_ETF","東証","ETF","20250522","279.4","-0.8","-0.29","280.2","280","280","278.8","86830","24257","-","200.2","360.2"
"1657","iシェアーズ・コア_MSCI_先進国株（除く日本）ETF","東証","ETF","20250522","5107","-63","-1.22","5170","5130","5150","5107","1509","7725","-","4170","6170"
"1658","iシェアーズ・コア_MSCI_新興国株_ETF","東証","ETF","20250522","2748","-40","-1.43","2788","2788","2788","2748","3483","9621","-","2288","3288"
"1659","iシェアーズ_米国リート_ETF","東証","ETF","20250522","2957","-78","-2.57","3035","2986","2986","2957","5578","16559","-","2335","3735"
"1660","MAXIS_高利回りJリート上場投信","東証","ETF","20250522","9889","-6","-0.06","9895","9851","9900","9836","1807","17833","-","8395","11395"
"1671","WTI原油価格連動型上場投信","東証","ETF","20250522","2668","-62","-2.27","2730","2675","2682","2660","92873","247936","-","2230","3230"
"1672","WisdomTree_金上場投資信託","東証","ETF","20250522","44460","130","0.29","44330","44470","44660","44370","462","20590","-","37330","51330"
"1673","WisdomTree_銀上場投資信託","東証","ETF","20250522","4417","68","1.56","4349","4376","4434","4376","3800","16747","-","3649","5049"
"1674","WisdomTree_白金上場投資信託","東証","ETF","20250522","14110","350","2.54","13760","14015","14175","14015","1616","22755","-","10760","16760"
"1675","WisdomTree_パラジウム上場投資信託","東証","ETF","20250522","13455","205","1.55","13250","13510","13565","13385","1342","18102","-","10250","16250"
"1676","WisdomTree_貴金属バスケット上場投資信託","東証","ETF","20250522","27275","175","0.65","27100","27090","27275","27090","16","434","-","22100","32100"
"1677","上場インデックスファンド海外債券（Citi_WGBI）毎月分配型","東証","ETF","20250522","-","0","0","53800","-","-","-","-","-","-","43800","63800"
"1678","NEXT_FUNDS_インド株式指数・CNX_Nifty連動型上場投信","東証","ETF","20250522","339.8","-5.2","-1.51","345","343.9","344.2","339.5","1424710","486735","-","265","425"
"1679","Simple-X_NYダウ・ジョーンズ・インデックス上場投信","東証","ETF","20250522","-","0","0","50220","-","-","-","-","-","-","40220","60220"
"1680","上場インデックスファンド海外先進国株式（MSCI-KOKUSAI）","東証","ETF","20250522","5828","-89","-1.5","5917","5866","5866","5828","686","4020","-","4917","6917"
"1681","上場インデックスファンド海外新興国株式（MSCIエマージング）","東証","ETF","20250522","2080","-31","-1.47","2111","2114","2114","2080","1471","3089","-","1611","2611"
"1684","WisdomTree_ブロード上場投資信託","東証","ETF","20250522","-","0","0","1694.5","-","-","-","-","-","-","1294.5","2094.5"
"1685","WisdomTree_エネルギー上場投資信託","東証","ETF","20250522","492.8","-4.2","-0.85","497","490.9","496.9","489.8","1240","608","-","417","577"
"1686","WisdomTree_産業用金属上場投資信託","東証","ETF","20250522","-","0","0","2198","-","-","-","-","-","-","1698","2698"
"1687","WisdomTree_農産物上場投資信託","東証","ETF","20250522","880.2","-7.8","-0.88","888","895","895","880.2","830","733","-","738","1038"
"1688","WisdomTree_穀物上場投資信託","東証","ETF","20250522","498.2","-1.1","-0.22","499.3","501.6","501.6","496.2","6680","3317","-","419.3","579.3"
"1689","WisdomTree_天然ガス上場投資信託","東証","ETF","20250522","1247","13","1.05","1234","1255","1255","1244","7985","9981","-","934","1534"
"1690","WisdomTree_WTI_原油上場投資信託","東証","ETF","20250522","1270","-21","-1.63","1291","1269","1271","1265","1630","2068","-","991","1591"
"1691","WisdomTree_ガソリン上場投資信託","東証","ETF","20250522","-","0","0","7310","-","-","-","-","-","-","5810","8810"
"1692","WisdomTree_アルミニウム上場投資信託","東証","ETF","20250522","-","0","0","457.5","-","-","-","-","-","-","377.5","537.5"
"1693","WisdomTree_銅上場投資信託","東証","ETF","20250522","6005","-9","-0.15","6014","5962","6045","5960","3040","18242","-","5014","7014"
"1694","WisdomTree_ニッケル上場投資信託","東証","ETF","20250522","2009","1.5","0.07","2007.5","2045.5","2045.5","2009","30","61","-","1507.5","2507.5"
"1695","WisdomTree_小麦上場投資信託","東証","ETF","20250522","2835","-35","-1.22","2870","2880","2880","2830","5660","16107","-","2370","3370"
"1696","WisdomTree_とうもろこし上場投資信託","東証","ETF","20250522","2940","12","0.41","2928","2965","2969","2940","299","886","-","2428","3428"
"1697","WisdomTree_大豆上場投資信託","東証","ETF","20250522","3699","39","1.07","3660","3684","3699","3643","230","842","-","2960","4360"
"1698","上場インデックスファンド日本高配当（東証配当フォーカス100）","東証","ETF","20250522","3000","-30","-0.99","3030","3001","3008","2990","9489","28449","-","2330","3730"
"1699","NEXT_FUNDS_NOMURA原油インデックス連動型上場投信","東証","ETF","20250522","349.3","-7.4","-2.07","356.7","349.8","351.2","348","303560","106168","-","276.7","436.7"
"170A","SMT_ETF_日本好配当株アクティブ","東証","ETF","20250522","1968","-13","-0.66","1981","1981","1981","1966","23","45","-","1581","2381"
"178A","グローバルX_革新的優良企業_ETF","東証","ETF","20250522","1089","-4","-0.37","1093","1088","1093","1085","22738","24738","-","793","1393"
"179A","グローバルX_超長期米国債_ETF（為替ヘッジあり）","東証","ETF","20250522","257.9","-5.6","-2.13","263.5","257.1","257.9","255.1","75890","19471","-","180.9","340.9"
"180A","グローバルX_超長期米国債_ETF","東証","ETF","20250522","259.3","-5.8","-2.19","265.1","257.7","259.9","257.5","152040","39216","-","182.1","342.1"
"181A","MAXIS米国国債1-3年上場投信（為替ヘッジなし）","東証","ETF","20250522","471.9","0.1","0.02","471.8","471.9","471.9","471.9","10","5","-","391.8","551.8"
"182A","MAXIS米国国債20年超上場投信（為替ヘッジなし）","東証","ETF","20250522","444","-6.7","-1.49","450.7","451","451","443.4","1190","532","-","370.7","530.7"
"183A","MAXIS米国国債20年超上場投信（為替ヘッジあり）","東証","ETF","20250522","454.3","-5.7","-1.24","460","459.1","459.1","453.7","2080","946","-","380","540"
"188A","グローバルX_インド・トップ10+_ETF","東証","ETF","20250522","915","-16","-1.72","931","926","932","915","5233","4826","-","781","1081"
"200A","NEXT_FUNDS_日経半導体株指数連動型上場投信","東証","ETF","20250522","1451","-5","-0.34","1456","1427","1453","1426","32472","46629","-","1156","1756"
"2011","SMDAM_Active_ETF_日本高配当株式","東証","ETF","20250522","582.4","-4.8","-0.82","587.2","586","588","582","8460","4958","-","487.2","687.2"
"2012","iシェアーズ_米国債0-3ヶ月_ETF","東証","ETF","20250522","207.9","-0.5","-0.24","208.4","208.5","208.5","207.8","670","139","-","128.4","288.4"
"2013","iシェアーズ_米国高配当株_ETF","東証","ETF","20250522","221.8","-1.9","-0.85","223.7","222.2","222.2","221.5","300990","66838","-","143.7","303.7"
"2014","iシェアーズ_米国連続増配株_ETF","東証","ETF","20250522","225.2","-3.3","-1.44","228.5","226","226","224.9","199110","44915","-","148.5","308.5"
"2015","iFreeETF_米国国債7-10年（為替ヘッジなし）","東証","ETF","20250522","1912","-31","-1.6","1943","1915","1917","1909","4390","8405","-","1525","2325"
"2016","iFreeETF_米国国債7-10年（為替ヘッジあり）","東証","ETF","20250522","1837","-25","-1.34","1862","1837","1837","1835","3705","6802","-","1445","2245"
"2017","iFreeETF_JPXプライム150","東証","ETF","20250522","1060","-9","-0.84","1069","1059","1061","1053","7798","8247","-","769","1369"
"2018","グローバルX_US_REIT・トップ20_ETF","東証","ETF","20250522","1039","-25","-2.35","1064","1053","1053","1039","1179","1235","-","764","1364"
"2019","グローバルX_米国優先証券ETF（隔月分配型）","東証","ETF","20250522","952","-1","-0.1","953","955","955","941","4981","4736","-","795","1095"
"201A","iシェアーズ_Nifty_50_インド株_ETF","東証","ETF","20250522","186","-2.9","-1.54","188.9","188.9","188.9","186","69280","12959","-","138.9","238.9"
"2031","NEXT_NOTES_香港ハンセン・ダブル・ブルETN","東証","ETN","20250522","6681","-179","-2.61","6860","6720","6814","6667","1189","8004","-","5860","7860"
"2032","NEXT_NOTES_香港ハンセン・ベアETN","東証","ETN","20250522","6198","34","0.55","6164","6183","6198","6160","92","568","-","5164","7164"
"2033","NEXT_NOTES_韓国KOSPI・ダブル・ブルETN","東証","ETN","20250522","10610","-70","-0.66","10680","10615","10615","10610","3","32","-","7680","13680"
"2034","NEXT_NOTES_韓国KOSPI・ベアETN","東証","ETN","20250522","7299","59","0.81","7240","7299","7299","7212","134","970","-","5740","8740"
"2036","NEXT_NOTES_金先物ダブル・ブルETN","東証","ETN","20250522","92700","400","0.43","92300","92560","93450","92000","5955","552093","-","77300","107300"
"2037","NEXT_NOTES_金先物ベアETN","東証","ETN","20250522","2058","-16","-0.77","2074","2079","2079","2049","2516","5182","-","1574","2574"
"2038","NEXT_NOTES_ドバイ原油先物ダブル・ブルETN","東証","ETN","20250522","1270","-31","-2.38","1301","1262","1277","1259","274772","348103","-","1001","1601"
"2039","NEXT_NOTES_ドバイ原油先物ベアETN","東証","ETN","20250522","1047","12","1.16","1035","1048","1048","1042","49181","51447","-","735","1335"
"2040","NEXT_NOTES_NYダウ･ダブル･ブル･ドルヘッジETN","東証","ETN","20250522","27820","-745","-2.61","28565","27630","27835","27625","1333","36995","-","23565","33570"
"2041","NEXT_NOTES_NYダウ･ベア･ドルヘッジETN","東証","ETN","20250522","2429","44","1.84","2385","2431","2432","2419","15720","38168","-","1885","2885"
"2042","NEXT_NOTES_東証グロース市場250ETN","東証","ETN","20250522","7509","-14","-0.19","7523","7475","7511","7451","619","4640","-","6023","9023"
"2043","NEXT_NOTES_STOXX_アセアン好配当50（円、ネットリターン）ETN","東証","ETN","20250522","20690","35","0.17","20655","20690","20690","20690","6","124","-","15655","25655"
"2044","NEXT_NOTES_S&P500_配当貴族（ネットリターン）ETN","東証","ETN","20250522","27520","-330","-1.18","27850","27605","27630","27305","586","16131","-","22850","32850"
"2045","NEXT_NOTES_S&P_シンガポール_リート（ネットリターン）ETN","東証","ETN","20250522","15900","-70","-0.44","15970","15900","15900","15900","1","16","-","11970","19970"
"2046","NEXT_NOTES_インドNifty・ダブル・ブルETN","東証","ETN","20250522","28990","-500","-1.7","29490","29575","29600","28800","2380","69576","-","24490","34490"
"2047","NEXT_NOTES_インドNifty・ベアETN","東証","ETN","20250522","3358","7","0.21","3351","3351","3358","3300","343","1151","-","2651","4051"
"2048","NEXT_NOTES_野村日本株高配当70（ドルヘッジ、ネットリターン）ETN","東証","ETN","20250522","30250","160","0.53","30090","30250","30250","30250","1000","30250","-","23090","37090"
"2050","NEXT_NOTES_ニッチトップ_中小型日本株（ネットリターン）ETN","東証","ETN","20250522","-","0","0","20180","-","-","-","-","-","-","15180","25180"
"2065","NEXT_NOTES_日本株配当貴族（ドルヘッジ、ネットリターン）ETN","東証","ETN","20250522","-","0","0","35410","-","-","-","-","-","-","28410","42410"
"2066","NEXT_NOTES_東証REIT（ドルヘッジ、ネットリターン）ETN","東証","ETN","20250522","19355","-395","-2","19750","19355","19355","19355","180","3484","-","15750","23750"
"2067","NEXT_NOTES_野村AIビジネス70（ネットリターン）ETN","東証","ETN","20250522","-","0","0","19795","-","-","-","-","-","-","15795","23795"
"2068","NEXT_NOTES_高ベータ30（ネットリターン）ETN","東証","ETN","20250522","-","0","0","22935","-","-","-","-","-","-","17935","27935"
"2069","NEXT_NOTES_低ベータ50（ネットリターン）ETN","東証","ETN","20250522","-","0","0","18665","-","-","-","-","-","-","14665","22665"
"2070","スマートESG30女性活躍（ネットリターン）ETN","東証","ETN","20250522","-","0","0","12565","-","-","-","-","-","-","9565","15565"
"2071","スマートESG30総合（ネットリターン）ETN","東証","ETN","20250522","-","0","0","15040","-","-","-","-","-","-","11040","19040"
"2072","トップシェアインデックス（ネットリターン）ETN","東証","ETN","20250522","-","0","0","12630","-","-","-","-","-","-","9630","15630"
"2073","スマートESG30低カーボンリスク（ネットリターン）ETN","東証","ETN","20250522","-","0","0","14715","-","-","-","-","-","-","11715","17715"
"2080","PBR1倍割れ解消推進ETF","東証","ETF","20250522","1212","-13","-1.06","1225","1216","1219","1211","11602","14087","-","925","1525"
"2081","政策保有解消推進ETF","東証","ETF","20250522","1300","-10","-0.76","1310","1303","1303","1295","626","812","-","1010","1610"
"2082","投資家経営者一心同体ETF","東証","ETF","20250522","1085","-5","-0.46","1090","1108","1108","1085","195","213","-","790","1390"
"2083","NEXT_FUNDS_日本成長株アクティブ上場投信","東証","ETF","20250522","2158","-9","-0.42","2167","2159","2161","2148","2314","4991","-","1667","2667"
"2084","NEXT_FUNDS_日本高配当株アクティブ上場投信","東証","ETF","20250522","2231","-20","-0.89","2251","2240","2247","2230","4860","10874","-","1751","2751"
"2085","MAXIS高配当日本株アクティブ上場投信","東証","ETF","20250522","550.1","-2.6","-0.47","552.7","551","560","548.6","10260","5646","-","452.7","652.7"
"2086","NZAM_上場投信_S&P500（為替ヘッジあり）","東証","ETF","20250522","2436.5","-53","-2.13","2489.5","2439.5","2439.5","2435","19210","46843","-","1989.5","2989.5"
"2087","NZAM_上場投信_NASDAQ100（為替ヘッジあり）","東証","ETF","20250522","2578","-15.5","-0.6","2593.5","2593.5","2593.5","2578","4930","12719","-","2093.5","3094"
"2088","NZAM_上場投信_NYダウ30（為替ヘッジあり）","東証","ETF","20250522","-","0","0","2243","-","-","-","-","-","-","1743","2743"
"2089","NZAM_上場投信_DAX（為替ヘッジあり）","東証","ETF","20250522","2753","0.5","0.02","2752.5","2750","2753","2750","50","138","-","2252.5","3253"
"2090","NZAM_上場投信_米国国債7-10年（為替ヘッジあり）","東証","ETF","20250522","4459","-21","-0.47","4480","4459","4459","4459","10","45","-","3780","5180"
"2091","NZAM_上場投信_ドイツ国債7-10年（為替ヘッジあり）","東証","ETF","20250522","-","0","0","4786","-","-","-","-","-","-","4036","5436"
"2092","NZAM_上場投信_フランス国債7-10年（為替ヘッジあり）","東証","ETF","20250522","-","0","0","4860","-","-","-","-","-","-","4106","5506"
"2093","上場Tracers_米国債0-2年ラダー（為替ヘッジなし）","東証","ETF","20250522","4788","-15","-0.31","4803","4800","4800","4788","210","1007","-","4103","5503"
"2094","東証REITインバースETF","東証","ETF","20250522","926","2","0.22","924","926","928","925","442","409","-","774","1074"
"2095","グローバルX_S&P500配当貴族ETF（為替ヘッジあり）","東証","ETF","20250522","1068","-30","-2.73","1098","1078","1078","1066","618","660","-","788","1388"
"2096","グローバルX_オフィス・J-REIT_ETF","東証","ETF","20250522","1005","5","0.5","1000","1001","1005","999","544","544","-","700","1300"
"2097","グローバルX_レジデンシャル・J-REIT_ETF","東証","ETF","20250522","908","-14","-1.52","922","915","915","907","762","693","-","772","1072"
"2098","グローバルX_ホテル＆リテール・J-REIT_ETF","東証","ETF","20250522","964","-5","-0.52","969","966","969","964","360","348","-","819","1119"
"210A","iFreeETF_日経高利回りREIT指数","東証","ETF","20250522","1505","-7","-0.46","1512","1508","1510","1505","3136","4725","-","1112","1912"
"213A","上場インデックスファンド日経半導体株","東証","ETF","20250522","134.2","-2.2","-1.61","136.4","131.9","134.2","131.8","59160","7852","-","86.4","186.4"
"221A","MAXIS日経半導体株上場投信","東証","ETF","20250522","377.5","-7.5","-1.95","385","375.5","380.2","375.5","4260","1605","-","305","465"
"2235","上場インデックスファンド米国株式（ダウ平均）為替ヘッジなし","東証","ETF","20250522","2622","-53","-1.98","2675","2655","2655","2622","6444","16913","-","2175","3175"
"2236","グローバルX_S&P500配当貴族ETF","東証","ETF","20250522","1158","-25","-2.11","1183","1164","1164","1158","7388","8574","-","879","1479"
"2237","iFreeETF_S&P500レバレッジ","東証","ETF","20250522","80330","-1970","-2.39","82300","80050","80420","80050","887","71139","-","67300","97300"
"2238","iFreeETF_S&P500インバース","東証","ETF","20250522","6729","74","1.11","6655","6735","6735","6718","1991","13395","-","5655","7655"
"2239","上場インデックスファンドS&P500先物レバレッジ2倍","東証","ETF","20250522","17345","-390","-2.2","17735","17305","17380","17300","4799","83208","-","13735","21735"
"223A","グローバルX_AI＆ビッグデータ_ETF","東証","ETF","20250522","1035","-10","-0.96","1045","1040","1040","1033","5792","6000","-","745","1345"
"2240","上場インデックスファンドS&P500先物インバース","東証","ETF","20250522","6838","84","1.24","6754","6834","6838","6825","1415","9665","-","5754","7754"
"2241","MAXIS_NYダウ上場投信","東証","ETF","20250522","671.9","-11.9","-1.74","683.8","683.9","683.9","671","8490","5710","-","583.8","783.8"
"2242","MAXIS_NYダウ上場投信（為替ヘッジあり）","東証","ETF","20250522","564.2","-8.8","-1.54","573","583","583","563.5","13280","7488","-","473","673"
"2243","グローバルX_半導体_ETF","東証","ETF","20250522","1645","-19","-1.14","1664","1648","1653","1569","96650","159041","-","1264","2064"
"2244","グローバルX_US_テック・トップ20_ETF","東証","ETF","20250522","2286","-17","-0.74","2303","2286","2293","2280","163285","373041","-","1803","2803"
"2245","NEXT_FUNDS_ブルームバーグ・ドイツ国債（7-10年）インデックス（為替ヘッジあり）連動型上場投信","東証","ETF","20250522","743","-0.9","-0.12","743.9","743","743","743","10","7","-","593.9","893.9"
"2246","NEXT_FUNDS_ブルームバーグ・フランス国債（7-10年）インデックス（為替ヘッジあり）連動型上場投信","東証","ETF","20250522","-","0","0","751.2","-","-","-","-","-","-","601.2","901.2"
"2247","iFreeETF_S&P500（為替ヘッジなし）","東証","ETF","20250522","1574","-20","-1.25","1594","1611","1611","1573","375491","591581","-","1194","1994"
"2248","iFreeETF_S&P500（為替ヘッジあり）","東証","ETF","20250522","2196","-29","-1.3","2225","2209","2209","2195","16484","36199","-","1725","2725"
"2249","iFreeETF_S&P500ダブルインバース","東証","ETF","20250522","15890","335","2.15","15555","15955","15955","15850","8211","130385","-","11555","19555"
"224A","グローバルX_ウラニウムビジネス_ETF","東証","ETF","20250522","910","-6","-0.66","916","909","921","909","1595","1461","-","766","1066"
"2250","iシェアーズ_MSCI_ジャパン気候変動アクション_ETF","東証","ETF","20250522","241","-3.1","-1.27","244.1","241.5","241.5","241","240","58","-","164.1","324.1"
"2251","NEXT_FUNDS_JPX国債先物ダブルインバース指数連動型上場投信","東証","ETF","20250522","798","6","0.76","792","799.9","799.9","794.7","10650","8484","-","642","942"
"2252","グローバルX_Morningstar米国中小型Moat_ETF","東証","ETF","20250522","1088","-26","-2.33","1114","1111","1111","1086","660","718","-","814","1414"
"2253","グローバルX_スーパーディビィデンド-US_ETF","東証","ETF","20250522","1069","-33","-2.99","1102","1071","1073","1068","29693","31774","-","792","1392"
"2254","グローバルX_チャイナEV＆バッテリー_ETF","東証","ETF","20250522","931","-5","-0.53","936","950","950","930","103532","96713","-","786","1086"
"2255","iシェアーズ_米国債20年超_ETF","東証","ETF","20250522","184.6","-3.3","-1.76","187.9","183.1","184.6","182.4","477420","87267","-","137.9","237.9"
"2256","iシェアーズ_米国総合債券_ETF","東証","ETF","20250522","197.2","-0.9","-0.45","198.1","197.3","197.5","196.2","113410","22287","-","148.1","248.1"
"2257","iシェアーズ_米ドル建て投資適格社債_ETF","東証","ETF","20250522","197.6","-1.2","-0.6","198.8","198.8","198.8","197.3","287180","56776","-","148.8","248.8"
"2258","iシェアーズ_米ドル建てハイイールド社債_ETF","東証","ETF","20250522","201.9","-2.2","-1.08","204.1","203.9","203.9","201.9","243220","49184","-","124.1","284.1"
"2259","iシェアーズ_フランス国債7-10年_ETF（為替ヘッジあり）","東証","ETF","20250522","192.3","-1","-0.52","193.3","193.7","193.7","192.2","400","77","-","143.3","243.3"
"233A","iFreeETF_インドNifty50","東証","ETF","20250522","1920","-28","-1.44","1948","1941","1947","1920","23240","44949","-","1548","2348"
"234A","グローバルX_MSCIキャッシュフローキング-日本株式_ETF","東証","ETF","20250522","984","-14","-1.4","998","1013","1013","984","2325","2297","-","848","1148"
"235A","グローバルX_高配当30-日本株式_ETF","東証","ETF","20250522","999","-24","-2.35","1023","1003","1006","998","38679","38762","-","710","1310"
"236A","iシェアーズ_日本国債7-10年_ETF","東証","ETF","20250522","479","1.4","0.29","477.6","479.2","479.5","478.8","320","153","-","397.6","557.6"
"237A","iシェアーズ_米国債25年超_ロングデュレーション_ETF","東証","ETF","20250522","148.5","-3.4","-2.24","151.9","147.5","148.5","145.5","411670","60326","-","101.9","201.9"
"238A","iシェアーズ_米国債25年超_ロングデュレーション_ETF（為替ヘッジあり）","東証","ETF","20250522","140.7","-3.2","-2.22","143.9","141.5","141.5","139.9","263150","36945","-","93.9","193.9"
"2510","NEXT_FUNDS_国内債券・NOMURA-BPI総合連動型上場投信","東証","ETF","20250522","866.1","1.7","0.2","864.4","863.3","866.1","862.7","25520","22070","-","714.4","1014.5"
"2511","NEXT_FUNDS_外国債券・FTSE世界国債インデックス（除く日本・為替ヘッジなし）連動型上場投信","東証","ETF","20250522","1049","-4","-0.38","1053","1051","1051","1045","38550","40411","-","753","1353"
"2512","NEXT_FUNDS_外国債券・FTSE世界国債インデックス（除く日本・為替ヘッジあり）連動型上場投信","東証","ETF","20250522","755.1","-0.9","-0.12","756","754.9","755.1","753","5710","4308","-","606","906"
"2513","NEXT_FUNDS_外国株式・MSCI-KOKUSAI指数（為替ヘッジなし）連動型上場投信","東証","ETF","20250522","2517","-37.5","-1.47","2554.5","2522","2525.5","2516.5","1240","3122","-","2054.5","3055"
"2514","NEXT_FUNDS_外国株式・MSCI-KOKUSAI指数（為替ヘッジあり）連動型上場投信","東証","ETF","20250522","1647.5","-19","-1.14","1666.5","1656","1656","1647.5","16550","27299","-","1266.5","2066.5"
"2515","NEXT_FUNDS_外国REIT･S&P先進国REIT指数（除く日本・為替ヘッジなし）連動型上場投信","東証","ETF","20250522","1307.5","-40","-2.97","1347.5","1330","1333","1307.5","88610","116666","-","1047.5","1647.5"
"2516","東証グロース250ETF","東証","ETF","20250522","560.5","0.8","0.14","559.7","555","560.9","554.5","845610","471823","-","459.7","659.7"
"2517","MAXIS_Jリート・コア上場投信","東証","ETF","20250522","1028","-15","-1.44","1043","1029.5","1029.5","1023","6810","6979","-","743","1343"
"2518","NEXT_FUNDS_MSCI日本株女性活躍指数（セレクト）連動型上場投信","東証","ETF","20250522","1563","-12","-0.76","1575","1568","1569","1563","17","27","-","1175","1975"
"2519","NEXT_FUNDS_新興国債券・J.P.モルガン・エマージング・マーケット・ボンド・インデックス・プラス（為替ヘッジなし）連動型上場投信","東証","ETF","20250522","1018","-20","-1.93","1038","1027","1027","1011","4840","4938","-","738","1338"
"2520","NEXT_FUNDS_新興国株式・MSCIエマージング・マーケット・インデックス（為替ヘッジなし）連動型上場投信","東証","ETF","20250522","1459","-14.5","-0.98","1473.5","1473.5","1473.5","1459","480","703","-","1173.5","1773.5"
"2521","上場インデックスファンド米国株式（S&P500）為替ヘッジあり","東証","ETF","20250522","1728","-17","-0.97","1745","1724","1728","1705","11715","20218","-","1345","2145"
"2522","iシェアーズ_オートメーション＆ロボット_ETF","東証","ETF","20250522","5347","-53","-0.98","5400","5350","5368","5325","3380","18050","-","4400","6400"
"2523","MAXISトピックス（除く金融）上場投信","東証","ETF","20250522","-","0","0","2252.5","-","-","-","-","-","-","1752.5","2752.5"
"2524","NZAM_上場投信_TOPIX","東証","ETF","20250522","-","0","0","2837","-","-","-","-","-","-","2337","3337"
"2525","NZAM_上場投信_日経225","東証","ETF","20250522","37430","-420","-1.11","37850","37330","37430","37210","1818","67893","-","30850","44850"
"2526","NZAM_上場投信_JPX日経400","東証","ETF","20250522","25225","-320","-1.25","25545","25265","25275","25165","173","4370","-","20545","30550"
"2527","NZAM_上場投信_東証REIT_Core指数","東証","ETF","20250522","1046.5","-3.5","-0.33","1050","1046.5","1046.5","1046.5","50","52","-","750","1350"
"2528","iFreeETF_東証REIT_Core指数","東証","ETF","20250522","1028","-3","-0.29","1031","1027","1031","1026","21410","21968","-","731","1331"
"2529","NEXT_FUNDS_野村株主還元70連動型上場投信","東証","ETF","20250522","1593","-6","-0.38","1599","1601","1602","1592","2015","3218","-","1199","1999"
"2530","MAXIS_HuaAn中国株式（上海180A株）上場投信","東証","ETF","20250522","13720","-20","-0.15","13740","13585","13720","13585","57","777","-","10740","16740"
"2552","上場インデックスファンドJリート（東証REIT指数）隔月分配型（ミニ）","東証","ETF","20250522","1847","-1","-0.05","1848","1835","1849","1835","693","1276","-","1448","2248"
"2553","One_ETF_南方_中国A株_CSI500","東証","ETF","20250522","1555","-11","-0.7","1566","1552","1573.5","1552","3100","4846","-","1166","1966"
"2554","NEXT_FUNDS_ブルームバーグ米国投資適格社債（1-10年）インデックス（為替ヘッジあり）連動型上場投信","東証","ETF","20250522","780","1.1","0.14","778.9","778.6","780","778","920","717","-","628.9","928.9"
"2555","東証REIT_ETF","東証","ETF","20250522","1764","-11","-0.62","1775","1765.5","1765.5","1757.5","12220","21481","-","1375","2175"
"2556","One_ETF_東証REIT指数","東証","ETF","20250522","1757.5","-7.5","-0.42","1765","1755.5","1758.5","1750","19190","33646","-","1365","2165"
"2557","SMDAM_トピックス上場投信","東証","ETF","20250522","2734","-28","-1.01","2762","2735","2735","2730","2100","5738","-","2262","3262"
"2558","MAXIS米国株式（S&P500）上場投信","東証","ETF","20250522","24150","-320","-1.31","24470","24215","24255","24135","20808","503143","-","19470","29470"
"2559","MAXIS全世界株式（オール・カントリー）上場投信","東証","ETF","20250522","20585","-245","-1.18","20830","20680","20700","20585","9845","203228","-","15830","25830"
"2560","MAXISカーボン・エフィシェント日本株上場投信","東証","ETF","20250522","-","0","0","36210","-","-","-","-","-","-","29460","43460"
"2561","iシェアーズ・コア_日本国債_ETF","東証","ETF","20250522","2196","-3","-0.14","2199","2199","2199","2185","42544","93288","-","1699","2699"
"2562","上場インデックスファンド米国株式（ダウ平均）為替ヘッジあり","東証","ETF","20250522","3051","-44","-1.42","3095","3045","3055","3045","6126","18680","-","2395","3795"
"2563","iシェアーズ_S&P500_米国株_ETF（為替ヘッジあり）","東証","ETF","20250522","323.8","-3","-0.92","326.8","323.2","323.9","323.1","954400","308672","-","246.8","406.8"
"2564","グローバルX_MSCIスーパーディビィデンド-日本株式_ETF","東証","ETF","20250522","2701","1","0.04","2700","2688","2701","2673","10272","27601","-","2200","3200"
"2565","グローバルX_ロジスティクス・J-REIT_ETF","東証","ETF","20250522","828","-4","-0.48","832","825","828","825","9734","8031","-","682","982"
"2566","上場インデックスファンド日経ESGリート","東証","ETF","20250522","964","-1","-0.1","965","962","965","961","257","247","-","815","1115"
"2567","NZAM_上場投信_S&P/JPXカーボン・エフィシェント指数","東証","ETF","20250522","361.2","-2.7","-0.74","363.9","361.2","361.2","361.2","40","14","-","283.9","443.9"
"2568","上場インデックスファンド米国株式（NASDAQ100）為替ヘッジなし","東証","ETF","20250522","5203","-47","-0.9","5250","5201","5215","5190","22910","119126","-","4250","6250"
"2569","上場インデックスファンド米国株式（NASDAQ100）為替ヘッジあり","東証","ETF","20250522","3212","-23","-0.71","3235","3212","3220","3211","63345","203655","-","2535","3935"
"257A","SMT_ETF_日本株厳選投資アクティブ","東証","ETF","20250522","2118","-18","-0.84","2136","2118","2118","2118","5","11","-","1636","2636"
"258A","SMT_ETF_国内リート厳選投資アクティブ","東証","ETF","20250522","1969","-6","-0.3","1975","1980","1980","1969","175","346","-","1575","2375"
"2620","iシェアーズ_米国債1-3年_ETF","東証","ETF","20250522","329.6","-1.2","-0.36","330.8","331.1","331.1","329.5","56220","18549","-","250.8","410.8"
"2621","iシェアーズ_米国債20年超_ETF（為替ヘッジあり）","東証","ETF","20250522","1058","-12","-1.12","1070","1055","1060","1054","1482966","1567382","-","770","1370"
"2622","iシェアーズ_米ドル建て新興国債券_ETF（為替ヘッジあり）","東証","ETF","20250522","1685","-9","-0.53","1694","1696","1696","1677","1075","1809","-","1294","2094"
"2623","iシェアーズ_ユーロ建て投資適格社債_ETF（為替ヘッジあり）","東証","ETF","20250522","2030","-5","-0.25","2035","2030","2030","2030","29","59","-","1535","2535"
"2624","iFreeETF_日経225（年4回決算型）","東証","ETF","20250522","3717","-32","-0.85","3749","3710","3727","3700","21777","80887","-","3049","4449"
"2625","iFreeETF_TOPIX（年4回決算型）","東証","ETF","20250522","2723","-2","-0.07","2725","2720","2728","2711","23124","62887","-","2225","3225"
"2626","グローバルX_デジタル・イノベーション-日本株式_ETF","東証","ETF","20250522","2598","-17","-0.65","2615","2592","2616","2592","132","343","-","2115","3115"
"2627","グローバルX_eコマース-日本株式_ETF","東証","ETF","20250522","1498","-7","-0.47","1505","1545","1545","1495","44","67","-","1105","1905"
"2628","iFreeETF_中国科創板50（STAR50）","東証","ETF","20250522","1938","-11","-0.56","1949","1909","1942","1909","1172","2260","-","1549","2349"
"2629","iFreeETF_中国グレーターベイエリア・イノベーション100（GBA100）","東証","ETF","20250522","2796","-21","-0.75","2817","2795","2807","2795","497","1392","-","2317","3317"
"2630","MAXIS米国株式（S&P500）上場投信（為替ヘッジあり）","東証","ETF","20250522","12830","-135","-1.04","12965","12815","12840","12805","952","12206","-","9965","15965"
"2631","MAXISナスダック100上場投信","東証","ETF","20250522","21695","-170","-0.78","21865","21730","21770","21670","5676","123290","-","16865","26865"
"2632","MAXISナスダック100上場投信（為替ヘッジあり）","東証","ETF","20250522","13430","-65","-0.48","13495","13415","13490","13410","2086","28011","-","10495","16495"
"2633","NEXT_FUNDS_S&P500指数（為替ヘッジなし）連動型上場投信","東証","ETF","20250522","386.8","-4.9","-1.25","391.7","387.5","388.1","386.4","138470","53612","-","311.7","471.7"
"2634","NEXT_FUNDS_S&P500指数（為替ヘッジあり）連動型上場投信","東証","ETF","20250522","2523","-5.5","-0.22","2528.5","2519","2524.5","2519","13150","33160","-","2028.5","3029"
"2635","NEXT_FUNDS_S&P500_スコアリング＆スクリーニング指数連動型上場投信","東証","ETF","20250522","3887","-62","-1.57","3949","3919","3919","3887","120","468","-","3249","4649"
"2636","グローバルX_MSCIガバナンス・クオリティ-日本株式_ETF","東証","ETF","20250522","3248","-43","-1.31","3291","3243","3248","3243","79","256","-","2591","3991"
"2637","グローバルX_クリーンテック-日本株式_ETF","東証","ETF","20250522","1395","-14","-0.99","1409","1410","1410","1395","148","207","-","1109","1709"
"2638","グローバルX_ロボティクス＆AI-日本株式_ETF","東証","ETF","20250522","2010","-11","-0.54","2021","2033","2033","2002","812","1633","-","1521","2521"
"2639","グローバルX_バイオ＆メドテック-日本株式_ETF","東証","ETF","20250522","1569","-13","-0.82","1582","1559","1572","1559","71","111","-","1182","1982"
"2640","グローバルX_ゲーム＆アニメ-日本株式_ETF","東証","ETF","20250522","4157","-21","-0.5","4178","4137","4187","4137","12031","50197","-","3478","4878"
"2641","グローバルX_グローバルリーダーズ-日本株式_ETF","東証","ETF","20250522","3247","-31","-0.95","3278","3258","3262","3242","12427","40410","-","2578","3978"
"2642","SMT_ETF_カーボン・エフィシェント日本株","東証","ETF","20250522","36270","-480","-1.31","36750","36270","36270","36270","1","36","-","29750","43750"
"2643","NEXT_FUNDS_MSCIジャパンカントリー指数（セレクト）連動型上場投信","東証","ETF","20250522","2792","-36","-1.27","2828","2793","2793","2792","1002","2799","-","2328","3328"
"2644","グローバルX_半導体関連-日本株式_ETF","東証","ETF","20250522","1606","5","0.31","1601","1580","1612","1575","172928","274884","-","1201","2001"
"2645","グローバルX_レジャー＆エンターテインメント-日本株式_ETF","東証","ETF","20250522","2536","-16","-0.63","2552","2525","2537","2525","82","207","-","2052","3052"
"2646","グローバルX_メタルビジネス-日本株式_ETF","東証","ETF","20250522","1606","-6","-0.37","1612","1608","1608","1604","55","88","-","1212","2012"
"2647","NEXT_FUNDS_ブルームバーグ米国国債（7-10年）インデックス（為替ヘッジなし）連動型上場投信","東証","ETF","20250522","5295","-70","-1.3","5365","5300","5300","5295","40","212","-","4365","6365"
"2648","NEXT_FUNDS_ブルームバーグ米国国債（7-10年）インデックス（為替ヘッジあり）連動型上場投信","東証","ETF","20250522","3510","-20","-0.57","3530","3516","3516","3510","120","422","-","2830","4230"
"2649","iシェアーズ_米国政府系機関ジニーメイMBS_ETF（為替ヘッジあり）","東証","ETF","20250522","595.6","-4.4","-0.73","600","595.1","595.6","595.1","270","161","-","500","700"
"273A","SBI_サウジアラビア株式上場投信","東証","ETF","20250522","8980","-148","-1.62","9128","9128","9128","8970","261","2347","-","7628","10630"
"282A","グローバルX_半導体・トップ10-日本株式_ETF","東証","ETF","20250522","865","-6","-0.69","871","856","872","856","17346","14959","-","721","1021"
"2836","グローバルX_フィンテック-日本株式_ETF","東証","ETF","20250522","2939","19","0.65","2920","2929","2939","2929","6","18","-","2420","3420"
"2837","グローバルX_中小型リーダーズ-日本株式_ETF","東証","ETF","20250522","2480","5","0.2","2475","2472","2486","2472","366","909","-","1975","2975"
"2838","MAXIS米国国債7-10年上場投信（為替ヘッジなし）","東証","ETF","20250522","7850","-55","-0.7","7905","7873","7873","7849","63","495","-","6405","9405"
"2839","MAXIS米国国債7-10年上場投信（為替ヘッジあり）","東証","ETF","20250522","5195","-25","-0.48","5220","5200","5201","5189","112","582","-","4220","6220"
"283A","グローバルX_US_テック・配当貴族_ETF","東証","ETF","20250522","943","-11","-1.15","954","943","944","942","19864","18751","-","804","1104"
"2840","iFreeETF_NASDAQ100（為替ヘッジなし）","東証","ETF","20250522","1743","-19","-1.08","1762","1747","1760","1742","77304","135042","-","1362","2162"
"2841","iFreeETF_NASDAQ100（為替ヘッジあり）","東証","ETF","20250522","1260","-11","-0.87","1271","1259","1270","1259","70725","89174","-","971","1571"
"2842","iFreeETF_NASDAQ100インバース","東証","ETF","20250522","16895","105","0.63","16790","16910","16915","16865","5835","98569","-","12790","20790"
"2843","上場インデックスファンド豪州国債（為替ヘッジあり）","東証","ETF","20250522","3963","6","0.15","3957","3963","3963","3963","1","4","-","3257","4657"
"2844","上場インデックスファンド豪州国債（為替ヘッジなし）","東証","ETF","20250522","4784","-24","-0.5","4808","4783","4788","4765","1230","5876","-","4108","5508"
"2845","NEXT_FUNDS_NASDAQ-100（為替ヘッジあり）連動型上場投信","東証","ETF","20250522","2641","-22","-0.83","2663","2615.5","2644","2615.5","12040","31709","-","2163","3163"
"2846","NEXT_FUNDS_ダウ・ジョーンズ工業株30種平均株価（為替ヘッジあり）連動型上場投信","東証","ETF","20250522","2108.5","-32.5","-1.52","2141","2102","2110.5","2102","6920","14591","-","1641","2641"
"2847","グローバルX_新成長インフラ-日本株式_ETF","東証","ETF","20250522","1931","-4","-0.21","1935","1924","1934","1924","4","8","-","1535","2335"
"2848","グローバルX_MSCI気候変動対応-日本株式_ETF","東証","ETF","20250522","2073","-30","-1.43","2103","2074","2074","2073","2","4","-","1603","2603"
"2849","グローバルX_Morningstar高配当ESG-日本株式_ETF","東証","ETF","20250522","4471","-27","-0.6","4498","4490","4490","4457","38","170","-","3798","5198"
"2850","NEXT_FUNDS_SolactiveジャパンESGコア指数連動型上場投信","東証","ETF","20250522","1955","-18","-0.91","1973","1950","1957","1950","950","1856","-","1573","2373"
"2851","iシェアーズ_MSCI_ジャパンSRI_ETF","東証","ETF","20250522","275.9","-1.4","-0.5","277.3","279.1","279.1","275.9","1060","293","-","197.3","357.3"
"2852","iシェアーズ_グリーンJリート_ETF","東証","ETF","20250522","168.5","0.9","0.54","167.6","167.7","168.5","167.7","130","22","-","117.6","217.6"
"2853","iシェアーズ_気候リスク調整世界国債_ETF（除く日本・為替ヘッジあり）","東証","ETF","20250522","-","0","0","647","-","-","-","-","-","-","547","747"
"2854","グローバルX_テック・トップ20-日本株式_ETF","東証","ETF","20250522","1537","-14","-0.9","1551","1517","1544","1499","1597","2455","-","1151","1951"
"2855","グローバルX_グリーン・J-REIT_ETF","東証","ETF","20250522","898","1","0.11","897","897","898","895","167","150","-","747","1047"
"2856","iシェアーズ_米国債3-7年_ETF（為替ヘッジあり）","東証","ETF","20250522","678.7","-2.6","-0.38","681.3","679","679","677.4","34880","23654","-","581.3","781.3"
"2857","iシェアーズ_ドイツ国債_ETF（為替ヘッジあり）","東証","ETF","20250522","656.4","-2.6","-0.39","659","657.5","657.5","656","840","552","-","559","759"
"2858","グローバルX_日経225_カバード・コール_ETF（プレミアム再投資型）","東証","ETF","20250522","1159","-10","-0.86","1169","1163","1163","1159","37","43","-","869","1469"
"2859","NEXT_FUNDS_ユーロ・ストックス50指数（為替ヘッジあり）連動型上場投信","東証","ETF","20250522","2809.5","-13","-0.46","2822.5","2822","2822","2802","3790","10642","-","2322.5","3323"
"2860","NEXT_FUNDS_ドイツ株式・DAX（為替ヘッジあり）連動型上場投信","東証","ETF","20250522","3192","0","0","3192","3192","3194","3180","126300","402647","-","2492","3892"
"2861","上場インデックスファンドフランス国債（為替ヘッジなし）","東証","ETF","20250522","5269","-32","-0.6","5301","5274","5274","5269","3","16","-","4301","6301"
"2862","上場インデックスファンドフランス国債（為替ヘッジあり）","東証","ETF","20250522","-","0","0","4115","-","-","-","-","-","-","3415","4815"
"2863","NEXT_FUNDS_S&P米国株式・債券バランス保守型指数（為替ヘッジあり）連動型上場投信","東証","ETF","20250522","-","0","0","1873","-","-","-","-","-","-","1473","2273"
"2864","グローバルX_ロジスティクス・REIT_ETF","東証","ETF","20250522","1098","-28","-2.49","1126","1124","1125","1097","1622","1782","-","826","1426"
"2865","グローバルX_NASDAQ100・カバード・コール_ETF","東証","ETF","20250522","1023","-6","-0.58","1029","1023","1026","1021","216084","221024","-","729","1329"
"2866","グローバルX_米国優先証券ETF","東証","ETF","20250522","895","-14","-1.54","909","901","902","891","74958","67085","-","759","1059"
"2867","グローバルX_自動運転＆EV_ETF","東証","ETF","20250522","1013","-4","-0.39","1017","1016","1016","1000","64","64","-","717","1317"
"2868","グローバルX_S&P500・カバード・コール_ETF","東証","ETF","20250522","943","-9","-0.95","952","946","948","943","42162","39847","-","802","1102"
"2869","iFreeETF_NASDAQ100レバレッジ","東証","ETF","20250522","43990","-500","-1.12","44490","43800","44040","43770","7601","333742","-","37490","51490"
"2870","iFreeETF_NASDAQ100ダブルインバース","東証","ETF","20250522","15330","180","1.19","15150","15375","15375","15280","22866","350587","-","11150","19150"
"294A","NEXT_FUNDS_MSCIジャパン気候変動指数（セレクト）連動型上場投信","東証","ETF","20250522","-","0","0","2078","-","-","-","-","-","-","1578","2578"
"295A","One_ETF_FTSE・サウジアラビア・インデックス","東証","ETF","20250522","9120","-155","-1.67","9275","9021","9130","9010","97","876","-","7775","10775"
"313A","iシェアーズ_S&P500_トップ20_ETF","東証","ETF","20250522","179.5","-1.9","-1.05","181.4","179.7","180.4","179.3","218780","39352","-","131.4","231.4"
"314A","iシェアーズ_ゴールド_ETF","東証","ETF","20250522","226.1","0.2","0.09","225.9","227","227.4","225.7","1138390","257867","-","145.9","305.9"
"315A","グローバルX_銀行_高配当-日本株式_ETF","東証","ETF","20250522","980","-5","-0.51","985","989","989","978","10983","10806","-","835","1135"
"316A","iFreeETF_FANG+","東証","ETF","20250522","1793","-7","-0.39","1800","1796","1802","1791","289566","520018","-","1400","2200"
"318A","VIX短期先物指数ETF","東証","ETF","20250522","1045","55","5.56","990","1050","1052","1025","617260","645286","-","840","1140"
"328A","グローバルX_プライシングパワー・リーダーズ-日本株式_ETF","東証","ETF","20250522","1103","-1","-0.09","1104","1105","1105","1098","27","30","-","804","1404"
"345A","高配当成長_日本株（ネットリターン）ETN","東証","ETN","20250522","9997","-48","-0.48","10045","9976","9997","9961","261","2608","-","7045","13045"
"346A","NEXT_FUNDS_S&P500_半導体・半導体製造装置35％キャップ指数連動型上場投信","東証","ETF","20250522","2090","-11","-0.52","2101","2054","2090","2054","2728","5668","-","1601","2601"
"348A","MAXIS読売333日本株上場投信","東証","ETF","20250522","196.2","-3.8","-1.9","200","195.6","198.1","195","20610","4048","-","120","280"
"349A","SMDAM_Active_ETF_日本グロース株式","東証","ETF","20250522","498.1","-1.2","-0.24","499.3","507","507","498","100","50","-","419.3","579.3"
"354A","iFreeETF_ブルームバーグ日本株高配当50指数","東証","ETF","20250522","2142","6","0.28","2136","2140","2149","2134","24903","53416","-","1636","2636"
"356A","グローバルX_S&P500キャッシュフロー・トップ100_ETF","東証","ETF","20250522","1104","-11","-0.99","1115","1108","1108","1101","149","165","-","815","1415"
"360A","東証REIT_Core_ETF","東証","ETF","20250522","1011.5","2","0.2","1009.5","1009","1011.5","1009","410","414","-","709.5","1309.5"